Data di transazione;Data valuta;Descrizione;Importo;Saldo
Saldo portato a nuovo;;;;"61,79"
01/11/2025;01/11/2025;Liquidazione vendite con carte;60;"121,79"
01/11/2025;01/11/2025;Commissione liquidazione vendite;"-0,72";"121,07"
01/11/2025;01/11/2025;Liquidazione vendite con carte;84;"205,07"
01/11/2025;01/11/2025;Commissione liquidazione vendite;"-0,95";"204,12"
01/11/2025;01/11/2025;Viva Cashback;"1,12";"205,24"
01/11/2025;01/11/2025;Liquidazione vendite con carte;320;"525,24"
01/11/2025;01/11/2025;Commissione liquidazione vendite;"-3,34";"521,9"
02/11/2025;02/11/2025;Liquidazione vendite con carte;32;"553,9"
02/11/2025;02/11/2025;Commissione liquidazione vendite;"-0,45";"553,45"
02/11/2025;02/11/2025;Liquidazione vendite con carte;34;"587,45"
02/11/2025;02/11/2025;Commissione liquidazione vendite;"-0,47";"586,98"
02/11/2025;02/11/2025;Liquidazione vendite con carte;42;"628,98"
02/11/2025;02/11/2025;Commissione liquidazione vendite;"-0,55";"628,43"
02/11/2025;02/11/2025;Liquidazione vendite con carte;63;"691,43"
02/11/2025;02/11/2025;Commissione liquidazione vendite;"-0,75";"690,68"
02/11/2025;02/11/2025;Liquidazione vendite con carte;20;"710,68"
02/11/2025;02/11/2025;Commissione liquidazione vendite;"-0,34";"710,34"
02/11/2025;02/11/2025;Liquidazione vendite con carte;20;"730,34"
02/11/2025;02/11/2025;Commissione liquidazione vendite;"-0,34";730
03/11/2025;03/11/2025;Liquidazione vendite con carte;144;874
03/11/2025;03/11/2025;Commissione liquidazione vendite;"-1,52";"872,48"
03/11/2025;03/11/2025;Liquidazione vendite con carte;20;"892,48"
03/11/2025;03/11/2025;Commissione liquidazione vendite;"-0,34";"892,14"
03/11/2025;03/11/2025;Liquidazione vendite con carte;20;"912,14"
03/11/2025;03/11/2025;Commissione liquidazione vendite;"-0,75";"911,39"
03/11/2025;03/11/2025;Liquidazione vendite con carte;54;"965,39"
03/11/2025;03/11/2025;Commissione liquidazione vendite;"-0,85";"964,54"
03/11/2025;03/11/2025;Liquidazione vendite con carte;145;"1.109,54"
03/11/2025;03/11/2025;Commissione liquidazione vendite;"-1,67";"1.107,87"
03/11/2025;03/11/2025;Liquidazione vendite con carte;111;"1.218,87"
03/11/2025;03/11/2025;Commissione liquidazione vendite;"-1,67";"1.217,20"
03/11/2025;03/11/2025;Liquidazione vendite con carte;34;"1.251,20"
03/11/2025;03/11/2025;Commissione liquidazione vendite;"-0,47";"1.250,73"
03/11/2025;03/11/2025;Liquidazione vendite con carte;17;"1.267,73"
03/11/2025;03/11/2025;Commissione liquidazione vendite;"-0,31";"1.267,42"
03/11/2025;03/11/2025;Liquidazione vendite con carte;84;"1.351,42"
03/11/2025;03/11/2025;Commissione liquidazione vendite;"-1,1";"1.350,32"
03/11/2025;03/11/2025;Liquidazione vendite con carte;40;"1.390,32"
03/11/2025;03/11/2025;Commissione liquidazione vendite;"-0,69";"1.389,63"
03/11/2025;03/11/2025;Liquidazione vendite con carte;174;"1.563,63"
03/11/2025;03/11/2025;Commissione liquidazione vendite;"-2,27";"1.561,36"
03/11/2025;03/11/2025;Liquidazione vendite con carte;84;"1.645,36"
03/11/2025;03/11/2025;Commissione liquidazione vendite;"-0,95";"1.644,41"
03/11/2025;03/11/2025;Liquidazione vendite con carte;84;"1.728,41"
03/11/2025;03/11/2025;Commissione liquidazione vendite;"-0,95";"1.727,46"
04/11/2025;04/11/2025;Liquidazione vendite con carte;20;"1.747,46"
04/11/2025;04/11/2025;Commissione liquidazione vendite;"-0,36";"1.747,10"
04/11/2025;04/11/2025;Liquidazione vendite con carte;220;"1.967,10"
04/11/2025;04/11/2025;Commissione liquidazione vendite;"-2,46";"1.964,64"
04/11/2025;04/11/2025;Liquidazione vendite con carte;84;"2.048,64"
04/11/2025;04/11/2025;Commissione liquidazione vendite;"-0,95";"2.047,69"
04/11/2025;04/11/2025;Liquidazione vendite con carte;80;"2.127,69"
04/11/2025;04/11/2025;Commissione liquidazione vendite;"-0,91";"2.126,78"
04/11/2025;04/11/2025;Liquidazione vendite con carte;600;"2.726,78"
04/11/2025;04/11/2025;Commissione liquidazione vendite;"-5,85";"2.720,93"
04/11/2025;04/11/2025;Liquidazione vendite con carte;20;"2.740,93"
04/11/2025;04/11/2025;Commissione liquidazione vendite;"-0,34";"2.740,59"
04/11/2025;04/11/2025;Acquisto carta - FACEBK *8AKZ5658W2;"-205,34";"2.535,25"
04/11/2025;04/11/2025;Viva Cashback;"0,02";"2.535,27"
04/11/2025;04/11/2025;Liquidazione vendite con carte;102;"2.637,27"
04/11/2025;04/11/2025;Commissione liquidazione vendite;"-1,12";"2.636,15"
04/11/2025;04/11/2025;Liquidazione vendite con carte;70;"2.706,15"
04/11/2025;04/11/2025;Commissione liquidazione vendite;"-0,82";"2.705,33"
04/11/2025;04/11/2025;Liquidazione vendite con carte;200;"2.905,33"
04/11/2025;04/11/2025;Commissione liquidazione vendite;"-2,05";"2.903,28"
05/11/2025;05/11/2025;Liquidazione vendite con carte;34;"2.937,28"
05/11/2025;05/11/2025;Commissione liquidazione vendite;"-0,47";"2.936,81"
05/11/2025;05/11/2025;Liquidazione vendite con carte;20;"2.956,81"
05/11/2025;05/11/2025;Commissione liquidazione vendite;"-0,34";"2.956,47"
05/11/2025;05/11/2025;Liquidazione vendite con carte;20;"2.976,47"
05/11/2025;05/11/2025;Commissione liquidazione vendite;"-0,34";"2.976,13"
05/11/2025;04/11/2025;Acquisto carta - ILIAD ITALIA;"-9,99";"2.966,14"
05/11/2025;05/11/2025;Liquidazione vendite con carte;20;"2.986,14"
05/11/2025;05/11/2025;Commissione liquidazione vendite;"-0,34";"2.985,80"
05/11/2025;05/11/2025;Liquidazione vendite con carte;50;"3.035,80"
05/11/2025;05/11/2025;Commissione liquidazione vendite;"-0,63";"3.035,17"
05/11/2025;05/11/2025;Liquidazione vendite con carte;100;"3.135,17"
05/11/2025;05/11/2025;Commissione liquidazione vendite;"-1,1";"3.134,07"
05/11/2025;05/11/2025;Liquidazione vendite con carte;84;"3.218,07"
05/11/2025;05/11/2025;Commissione liquidazione vendite;"-0,95";"3.217,12"
05/11/2025;05/11/2025;Viva Cashback;"1,67";"3.218,79"
05/11/2025;05/11/2025;Liquidazione vendite con carte;30;"3.248,79"
05/11/2025;05/11/2025;Commissione liquidazione vendite;"-0,44";"3.248,35"
06/11/2025;06/11/2025;Liquidazione vendite con carte;34;"3.282,35"
06/11/2025;06/11/2025;Commissione liquidazione vendite;"-0,47";"3.281,88"
06/11/2025;06/11/2025;Liquidazione vendite con carte;98;"3.379,88"
06/11/2025;06/11/2025;Commissione liquidazione vendite;"-1,27";"3.378,61"
06/11/2025;06/11/2025;Liquidazione vendite con carte;20;"3.398,61"
06/11/2025;06/11/2025;Commissione liquidazione vendite;"-0,34";"3.398,27"
06/11/2025;06/11/2025;Liquidazione vendite con carte;100;"3.498,27"
06/11/2025;06/11/2025;Commissione liquidazione vendite;"-1,2";"3.497,07"
06/11/2025;06/11/2025;Liquidazione vendite con carte;186;"3.683,07"
06/11/2025;06/11/2025;Commissione liquidazione vendite;"-2,07";"3.681,00"
06/11/2025;06/11/2025;Liquidazione vendite con carte;240;"3.921,00"
06/11/2025;06/11/2025;Commissione liquidazione vendite;"-2,43";"3.918,57"
06/11/2025;06/11/2025;Liquidazione vendite con carte;348;"4.266,57"
06/11/2025;06/11/2025;Commissione liquidazione vendite;"-3,46";"4.263,11"
06/11/2025;06/11/2025;Liquidazione vendite con carte;50;"4.313,11"
06/11/2025;06/11/2025;Commissione liquidazione vendite;"-0,63";"4.312,48"
06/11/2025;06/11/2025;Viva Cashback;"0,1";"4.312,58"
06/11/2025;06/11/2025;Liquidazione vendite con carte;17;"4.329,58"
06/11/2025;06/11/2025;Commissione liquidazione vendite;"-0,33";"4.329,25"
06/11/2025;06/11/2025;Liquidazione vendite con carte;126;"4.455,25"
06/11/2025;06/11/2025;Commissione liquidazione vendite;"-1,47";"4.453,78"
06/11/2025;06/11/2025;Liquidazione vendite con carte;50;"4.503,78"
06/11/2025;06/11/2025;Commissione liquidazione vendite;"-0,63";"4.503,15"
06/11/2025;06/11/2025;Liquidazione vendite con carte;20;"4.523,15"
06/11/2025;06/11/2025;Commissione liquidazione vendite;"-0,34";"4.522,81"
07/11/2025;07/11/2025;Liquidazione vendite con carte;58;"4.580,81"
07/11/2025;07/11/2025;Commissione liquidazione vendite;"-0,7";"4.580,11"
07/11/2025;07/11/2025;Liquidazione vendite con carte;20;"4.600,11"
07/11/2025;07/11/2025;Commissione liquidazione vendite;"-0,36";"4.599,75"
07/11/2025;07/11/2025;Liquidazione vendite con carte;20;"4.619,75"
07/11/2025;07/11/2025;Commissione liquidazione vendite;"-0,34";"4.619,41"
07/11/2025;06/11/2025;Acquisto carta - ILIAD ITALIA;"-25,99";"4.593,42"
07/11/2025;07/11/2025;Liquidazione vendite con carte;95;"4.688,42"
07/11/2025;07/11/2025;Commissione liquidazione vendite;"-1,22";"4.687,20"
07/11/2025;07/11/2025;Liquidazione vendite con carte;54;"4.741,20"
07/11/2025;07/11/2025;Commissione liquidazione vendite;"-0,66";"4.740,54"
08/11/2025;08/11/2025;Liquidazione vendite con carte;58;"4.798,54"
08/11/2025;08/11/2025;Commissione liquidazione vendite;"-1,69";"4.796,85"
08/11/2025;08/11/2025;Liquidazione vendite con carte;58;"4.854,85"
08/11/2025;08/11/2025;Commissione liquidazione vendite;"-0,7";"4.854,15"
08/11/2025;08/11/2025;Liquidazione vendite con carte;20;"4.874,15"
08/11/2025;08/11/2025;Commissione liquidazione vendite;"-0,34";"4.873,81"
08/11/2025;08/11/2025;Liquidazione vendite con carte;84;"4.957,81"
08/11/2025;08/11/2025;Commissione liquidazione vendite;"-0,95";"4.956,86"
08/11/2025;08/11/2025;Liquidazione vendite con carte;182;"5.138,86"
08/11/2025;08/11/2025;Commissione liquidazione vendite;"-2,03";"5.136,83"
08/11/2025;08/11/2025;Viva Cashback;"0,2";"5.137,03"
08/11/2025;08/11/2025;Liquidazione vendite con carte;34;"5.171,03"
08/11/2025;08/11/2025;Commissione liquidazione vendite;"-0,47";"5.170,56"
08/11/2025;08/11/2025;Liquidazione vendite con carte;34;"5.204,56"
08/11/2025;08/11/2025;Commissione liquidazione vendite;"-0,47";"5.204,09"
08/11/2025;08/11/2025;Liquidazione vendite con carte;34;"5.238,09"
08/11/2025;08/11/2025;Commissione liquidazione vendite;"-0,47";"5.237,62"
09/11/2025;09/11/2025;Liquidazione vendite con carte;34;"5.271,62"
09/11/2025;09/11/2025;Commissione liquidazione vendite;"-0,51";"5.271,11"
09/11/2025;08/11/2025;Acquisto carta - Amazon Prime;"-4,99";"5.266,12"
09/11/2025;09/11/2025;Viva Cashback;"0,01";"5.266,13"
10/11/2025;10/11/2025;Liquidazione vendite con carte;30;"5.296,13"
10/11/2025;10/11/2025;Commissione liquidazione vendite;"-0,95";"5.295,18"
10/11/2025;10/11/2025;Liquidazione vendite con carte;102;"5.397,18"
10/11/2025;10/11/2025;Commissione liquidazione vendite;"-1,12";"5.396,06"
10/11/2025;10/11/2025;Liquidazione vendite con carte;53;"5.449,06"
10/11/2025;10/11/2025;Commissione liquidazione vendite;"-0,65";"5.448,41"
10/11/2025;10/11/2025;Liquidazione vendite con carte;60;"5.508,41"
10/11/2025;10/11/2025;Commissione liquidazione vendite;"-0,87";"5.507,54"
10/11/2025;10/11/2025;Liquidazione vendite con carte;600;"6.107,54"
10/11/2025;10/11/2025;Commissione liquidazione vendite;"-5,85";"6.101,69"
10/11/2025;10/11/2025;Liquidazione vendite con carte;135;"6.236,69"
10/11/2025;10/11/2025;Commissione liquidazione vendite;"-1,43";"6.235,26"
10/11/2025;10/11/2025;Liquidazione vendite con carte;17;"6.252,26"
10/11/2025;10/11/2025;Commissione liquidazione vendite;"-0,31";"6.251,95"
10/11/2025;10/11/2025;Viva Cashback;"0,04";"6.251,99"
10/11/2025;10/11/2025;Liquidazione vendite con carte;20;"6.271,99"
10/11/2025;10/11/2025;Commissione liquidazione vendite;"-0,34";"6.271,65"
10/11/2025;10/11/2025;Liquidazione vendite con carte;106;"6.377,65"
10/11/2025;10/11/2025;Commissione liquidazione vendite;"-1,36";"6.376,29"
10/11/2025;10/11/2025;Liquidazione vendite con carte;51;"6.427,29"
10/11/2025;10/11/2025;Commissione liquidazione vendite;"-0,63";"6.426,66"
10/11/2025;10/11/2025;Liquidazione vendite con carte;51;"6.477,66"
10/11/2025;10/11/2025;Commissione liquidazione vendite;"-0,63";"6.477,03"
11/11/2025;11/11/2025;Liquidazione vendite con carte;51;"6.528,03"
11/11/2025;11/11/2025;Commissione liquidazione vendite;"-0,63";"6.527,40"
11/11/2025;11/11/2025;Liquidazione vendite con carte;35;"6.562,40"
11/11/2025;11/11/2025;Commissione liquidazione vendite;"-0,48";"6.561,92"
11/11/2025;11/11/2025;Liquidazione vendite con carte;71;"6.632,92"
11/11/2025;11/11/2025;Commissione liquidazione vendite;"-0,97";"6.631,95"
11/11/2025;11/11/2025;Liquidazione vendite con carte;10;"6.641,95"
11/11/2025;11/11/2025;Commissione liquidazione vendite;"-0,25";"6.641,70"
11/11/2025;11/11/2025;Liquidazione vendite con carte;36;"6.677,70"
11/11/2025;11/11/2025;Commissione liquidazione vendite;"-0,49";"6.677,21"
11/11/2025;11/11/2025;Liquidazione vendite con carte;70;"6.747,21"
11/11/2025;11/11/2025;Commissione liquidazione vendite;"-0,82";"6.746,39"
11/11/2025;11/11/2025;Liquidazione vendite con carte;20;"6.766,39"
11/11/2025;11/11/2025;Commissione liquidazione vendite;"-0,34";"6.766,05"
11/11/2025;11/11/2025;Liquidazione vendite con carte;140;"6.906,05"
11/11/2025;11/11/2025;Commissione liquidazione vendite;"-1,79";"6.904,26"
11/11/2025;11/11/2025;Liquidazione vendite con carte;10;"6.914,26"
11/11/2025;11/11/2025;Commissione liquidazione vendite;"-0,25";"6.914,01"
11/11/2025;11/11/2025;Liquidazione vendite con carte;20;"6.934,01"
11/11/2025;11/11/2025;Commissione liquidazione vendite;"-0,34";"6.933,67"
12/11/2025;12/11/2025;Liquidazione vendite con carte;84;"7.017,67"
12/11/2025;12/11/2025;Commissione liquidazione vendite;"-0,95";"7.016,72"
12/11/2025;12/11/2025;Liquidazione vendite con carte;170;"7.186,72"
12/11/2025;12/11/2025;Commissione liquidazione vendite;"-1,77";"7.184,95"
12/11/2025;12/11/2025;Liquidazione vendite con carte;136;"7.320,95"
12/11/2025;12/11/2025;Commissione liquidazione vendite;"-1,71";"7.319,24"
12/11/2025;12/11/2025;Liquidazione vendite con carte;168;"7.487,24"
12/11/2025;12/11/2025;Commissione liquidazione vendite;"-1,91";"7.485,33"
12/11/2025;12/11/2025;Liquidazione vendite con carte;310;"7.795,33"
12/11/2025;12/11/2025;Commissione liquidazione vendite;"-3,55";"7.791,78"
12/11/2025;12/11/2025;Rimborso a IBAN - fattura numero 65 - IT59W0538577616CC2870001908 - FRENTANIA BUS SRLS;"-4.454,00";"3.337,78"
12/11/2025;12/11/2025;Rimborso commissione IBAN - IT59W0538577616CC2870001908;"-0,25";"3.337,53"
12/11/2025;12/11/2025;Liquidazione vendite con carte;34;"3.371,53"
12/11/2025;12/11/2025;Commissione liquidazione vendite;"-0,51";"3.371,02"
12/11/2025;12/11/2025;Rimborso a IBAN - 509 - IT64V0538777690000000568745 - PARENTE VIAGGI S.R.L.;"-2.250,00";"1.121,02"
12/11/2025;12/11/2025;Rimborso commissione IBAN - IT64V0538777690000000568745;"-0,25";"1.120,77"
12/11/2025;12/11/2025;Liquidazione vendite con carte;44;"1.164,77"
12/11/2025;12/11/2025;Commissione liquidazione vendite;"-0,57";"1.164,20"
12/11/2025;12/11/2025;Liquidazione vendite con carte;5;"1.169,20"
12/11/2025;12/11/2025;Commissione liquidazione vendite;"-0,2";"1.169,00"
12/11/2025;12/11/2025;Liquidazione vendite con carte;55;"1.224,00"
12/11/2025;12/11/2025;Commissione liquidazione vendite;"-0,83";"1.223,17"
12/11/2025;12/11/2025;Liquidazione vendite con carte;42;"1.265,17"
12/11/2025;12/11/2025;Commissione liquidazione vendite;"-1,26";"1.263,91"
12/11/2025;12/11/2025;Liquidazione vendite con carte;57;"1.320,91"
12/11/2025;12/11/2025;Commissione liquidazione vendite;"-0,84";"1.320,07"
13/11/2025;13/11/2025;Liquidazione vendite con carte;20;"1.340,07"
13/11/2025;13/11/2025;Commissione liquidazione vendite;"-0,34";"1.339,73"
13/11/2025;13/11/2025;Liquidazione vendite con carte;"0,01";"1.339,74"
13/11/2025;13/11/2025;Commissione liquidazione vendite;"-0,01";"1.339,73"
13/11/2025;13/11/2025;Liquidazione vendite con carte;28;"1.367,73"
13/11/2025;13/11/2025;Commissione liquidazione vendite;"-0,42";"1.367,31"
13/11/2025;13/11/2025;Liquidazione vendite con carte;20;"1.387,31"
13/11/2025;13/11/2025;Commissione liquidazione vendite;"-0,34";"1.386,97"
13/11/2025;13/11/2025;Liquidazione vendite con carte;60;"1.446,97"
13/11/2025;13/11/2025;Commissione liquidazione vendite;"-0,87";"1.446,10"
13/11/2025;13/11/2025;Liquidazione vendite con carte;100;"1.546,10"
13/11/2025;13/11/2025;Commissione liquidazione vendite;"-1,1";"1.545,00"
13/11/2025;13/11/2025;Liquidazione vendite con carte;50;"1.595,00"
13/11/2025;13/11/2025;Commissione liquidazione vendite;"-0,78";"1.594,22"
13/11/2025;13/11/2025;Liquidazione vendite con carte;40;"1.634,22"
13/11/2025;13/11/2025;Commissione liquidazione vendite;"-0,53";"1.633,69"
14/11/2025;14/11/2025;Liquidazione vendite con carte;20;"1.653,69"
14/11/2025;14/11/2025;Commissione liquidazione vendite;"-0,34";"1.653,35"
14/11/2025;14/11/2025;Liquidazione vendite con carte;100;"1.753,35"
14/11/2025;14/11/2025;Commissione liquidazione vendite;"-1,1";"1.752,25"
14/11/2025;14/11/2025;Liquidazione vendite con carte;25;"1.777,25"
14/11/2025;14/11/2025;Commissione liquidazione vendite;"-0,41";"1.776,84"
14/11/2025;14/11/2025;Liquidazione vendite con carte;56;"1.832,84"
14/11/2025;14/11/2025;Commissione liquidazione vendite;"-0,83";"1.832,01"
14/11/2025;14/11/2025;Rimborso a IBAN - Inviato da Viva.com - IT71U0538777570000002228979 - PASSUCCI INTERNATIONAL TRAVEL SRL;"-85,26";"1.746,75"
14/11/2025;14/11/2025;Rimborso commissione IBAN - IT71U0538777570000002228979;"-0,25";"1.746,50"
14/11/2025;14/11/2025;Viva Cashback;"0,02";"1.746,52"
14/11/2025;14/11/2025;Liquidazione vendite con carte;20;"1.766,52"
14/11/2025;14/11/2025;Commissione liquidazione vendite;"-0,34";"1.766,18"
14/11/2025;14/11/2025;Liquidazione vendite con carte;28;"1.794,18"
14/11/2025;14/11/2025;Commissione liquidazione vendite;"-0,42";"1.793,76"
14/11/2025;14/11/2025;Liquidazione vendite con carte;193;"1.986,76"
14/11/2025;14/11/2025;Commissione liquidazione vendite;"-2,14";"1.984,62"
15/11/2025;15/11/2025;Liquidazione vendite con carte;95;"2.079,62"
15/11/2025;15/11/2025;Commissione liquidazione vendite;"-1,05";"2.078,57"
15/11/2025;15/11/2025;Liquidazione vendite con carte;106;"2.184,57"
15/11/2025;15/11/2025;Commissione liquidazione vendite;"-1,31";"2.183,26"
15/11/2025;15/11/2025;Liquidazione vendite con carte;17;"2.200,26"
15/11/2025;15/11/2025;Commissione liquidazione vendite;"-0,31";"2.199,95"
15/11/2025;15/11/2025;Liquidazione vendite con carte;20;"2.219,95"
15/11/2025;15/11/2025;Commissione liquidazione vendite;"-0,34";"2.219,61"
15/11/2025;15/11/2025;Liquidazione vendite con carte;112;"2.331,61"
15/11/2025;15/11/2025;Commissione liquidazione vendite;"-1,21";"2.330,40"
15/11/2025;12/11/2025;Acquisto carta - PAYPAL *FATTURA24;"-117,12";"2.213,28"
15/11/2025;14/11/2025;Acquisto carta - WWW.VIVATICKET.COM;-148;"2.065,28"
15/11/2025;14/11/2025;Acquisto carta - WWW.VIVATICKET.COM;-148;"1.917,28"
15/11/2025;15/11/2025;Liquidazione vendite con carte;91;"2.008,28"
15/11/2025;15/11/2025;Commissione liquidazione vendite;"-1,16";"2.007,12"
15/11/2025;14/11/2025;Acquisto carta - PACKLINK - AUCTANE SL;"-17,66";"1.989,46"
15/11/2025;15/11/2025;Liquidazione vendite con carte;84;"2.073,46"
15/11/2025;15/11/2025;Commissione liquidazione vendite;"-0,95";"2.072,51"
15/11/2025;15/11/2025;Viva Cashback;"0,01";"2.072,52"
16/11/2025;16/11/2025;Liquidazione vendite con carte;63;"2.135,52"
16/11/2025;16/11/2025;Commissione liquidazione vendite;"-0,75";"2.134,77"
16/11/2025;16/11/2025;Liquidazione vendite con carte;20;"2.154,77"
16/11/2025;16/11/2025;Commissione liquidazione vendite;"-0,34";"2.154,43"
16/11/2025;16/11/2025;Viva Cashback;"3,66";"2.158,09"
16/11/2025;16/11/2025;Liquidazione vendite con carte;36;"2.194,09"
16/11/2025;16/11/2025;Commissione liquidazione vendite;"-0,49";"2.193,60"
16/11/2025;16/11/2025;Liquidazione vendite con carte;83;"2.276,60"
16/11/2025;16/11/2025;Commissione liquidazione vendite;"-0,94";"2.275,66"
16/11/2025;16/11/2025;Liquidazione vendite con carte;10;"2.285,66"
16/11/2025;16/11/2025;Commissione liquidazione vendite;"-0,25";"2.285,41"
17/11/2025;17/11/2025;Liquidazione vendite con carte;50;"2.335,41"
17/11/2025;17/11/2025;Commissione liquidazione vendite;"-0,63";"2.334,78"
17/11/2025;17/11/2025;Rimborso a IBAN - rimborso viaggio Verona 31 Maggio 2025 - IT74M0760115400000057979783 - DANIELA D'ANGELO;-35;"2.299,78"
17/11/2025;17/11/2025;Rimborso commissione IBAN - IT74M0760115400000057979783;"-0,25";"2.299,53"
17/11/2025;17/11/2025;Liquidazione vendite con carte;65;"2.364,53"
17/11/2025;17/11/2025;Commissione liquidazione vendite;"-0,77";"2.363,76"
17/11/2025;17/11/2025;Liquidazione vendite con carte;51;"2.414,76"
17/11/2025;17/11/2025;Commissione liquidazione vendite;"-0,63";"2.414,13"
17/11/2025;17/11/2025;Liquidazione vendite con carte;93;"2.507,13"
17/11/2025;17/11/2025;Commissione liquidazione vendite;"-1,18";"2.505,95"
17/11/2025;16/11/2025;Acquisto carta - AMZN Mktp IT*YZ3ZD77S5;"-7,99";"2.497,96"
17/11/2025;17/11/2025;Rimborso a IBAN - prenotazione n 18506 di giuseppe - IT71U0538777570000002228979 - PASSUCCI INTERNATIONAL TRAVEL SRL;"-85,26";"2.412,70"
17/11/2025;17/11/2025;Rimborso commissione IBAN - IT71U0538777570000002228979;"-0,25";"2.412,45"
17/11/2025;17/11/2025;Liquidazione vendite con carte;26;"2.438,45"
17/11/2025;17/11/2025;Commissione liquidazione vendite;"-0,4";"2.438,05"
17/11/2025;17/11/2025;Viva Cashback;"0,02";"2.438,07"
17/11/2025;17/11/2025;Liquidazione vendite con carte;54;"2.492,07"
17/11/2025;17/11/2025;Commissione liquidazione vendite;"-0,81";"2.491,26"
17/11/2025;17/11/2025;Liquidazione vendite con carte;150;"2.641,26"
17/11/2025;17/11/2025;Commissione liquidazione vendite;"-1,58";"2.639,68"
17/11/2025;17/11/2025;Liquidazione vendite con carte;100;"2.739,68"
17/11/2025;17/11/2025;Commissione liquidazione vendite;"-1,1";"2.738,58"
17/11/2025;17/11/2025;Liquidazione vendite con carte;119;"2.857,58"
17/11/2025;17/11/2025;Commissione liquidazione vendite;"-1,28";"2.856,30"
18/11/2025;18/11/2025;Rimborso a IBAN - rimborso navetta Moda' 26/11/2025 - IT77D0567617295PR0001958188 - FRANCESCO BOTTONE;-20;"2.836,30"
18/11/2025;18/11/2025;Rimborso commissione IBAN - IT77D0567617295PR0001958188;"-0,25";"2.836,05"
18/11/2025;18/11/2025;Rimborso a IBAN - rimborso navetta Moda' 27/11/25 - IT59G0338501601100080094793 - GIULIA FERRETTI;-20;"2.816,05"
18/11/2025;18/11/2025;Rimborso commissione IBAN - IT59G0338501601100080094793;"-0,25";"2.815,80"
18/11/2025;18/11/2025;Rimborso a IBAN - rimborso navetta Moda' 27/11/25 - IT82F0306977710100000002605 - DANIELA SILVESTRI;-30;"2.785,80"
18/11/2025;18/11/2025;Rimborso commissione IBAN - IT82F0306977710100000002605;"-0,25";"2.785,55"
18/11/2025;18/11/2025;Liquidazione vendite con carte;50;"2.835,55"
18/11/2025;18/11/2025;Commissione liquidazione vendite;"-0,68";"2.834,87"
18/11/2025;17/11/2025;Acquisto carta - ILIAD ITALIA;"-7,99";"2.826,88"
18/11/2025;18/11/2025;Liquidazione vendite con carte;100;"2.926,88"
18/11/2025;18/11/2025;Commissione liquidazione vendite;"-1,1";"2.925,78"
18/11/2025;18/11/2025;Acquisto carta - OPENAI *CHATGPT SUBSCR;-68;"2.857,78"
18/11/2025;18/11/2025;Liquidazione vendite con carte;300;"3.157,78"
18/11/2025;18/11/2025;Commissione liquidazione vendite;"-8,1";"3.149,68"
18/11/2025;18/11/2025;Rimborso a IBAN - rimborso navetta moda' 27/11/25 - IT16W3608105138264483564492 - ANNA ERRICO;-20;"3.129,68"
18/11/2025;18/11/2025;Rimborso commissione IBAN - IT16W3608105138264483564492;"-0,25";"3.129,43"
18/11/2025;18/11/2025;Viva Cashback;"0,06";"3.129,49"
18/11/2025;18/11/2025;Liquidazione vendite con carte;217;"3.346,49"
18/11/2025;18/11/2025;Commissione liquidazione vendite;"-2,37";"3.344,12"
18/11/2025;18/11/2025;Liquidazione vendite con carte;85;"3.429,12"
18/11/2025;18/11/2025;Commissione liquidazione vendite;"-0,96";"3.428,16"
19/11/2025;19/11/2025;Rimborso a IBAN - RIMBORSO NAVETTA MODA' 27/11/25 - IT22E0760115300001031301961 - GIUSY RUSSO;-20;"3.408,16"
19/11/2025;19/11/2025;Rimborso commissione IBAN - IT22E0760115300001031301961;"-0,25";"3.407,91"
19/11/2025;19/11/2025;Rimborso a IBAN - RIMBORSO NAVETTA MODA' 26/11/25 - IT44C3608105138233437933444 - VALERIA FERRONE;-10;"3.397,91"
19/11/2025;19/11/2025;Rimborso commissione IBAN - IT44C3608105138233437933444;"-0,25";"3.397,66"
19/11/2025;19/11/2025;Rimborso a IBAN - RIMBORSO NAVETTA MODA' 26/11/25 - IT56K0874728861000000046169 - CARMINE PASTORE;-20;"3.377,66"
19/11/2025;19/11/2025;Rimborso commissione IBAN - IT56K0874728861000000046169;"-0,25";"3.377,41"
19/11/2025;19/11/2025;Liquidazione vendite con carte;300;"3.677,41"
19/11/2025;19/11/2025;Commissione liquidazione vendite;-3;"3.674,41"
19/11/2025;19/11/2025;Rimborso a IBAN - rimborso viaggio Assisi 15/11/25 - IT17T0306967684510366355385 - GIUSEPPE FRAGNITO;-100;"3.574,41"
19/11/2025;19/11/2025;Rimborso commissione IBAN - IT17T0306967684510366355385;"-0,25";"3.574,16"
19/11/2025;19/11/2025;Liquidazione vendite con carte;127;"3.701,16"
19/11/2025;19/11/2025;Commissione liquidazione vendite;"-1,66";"3.699,50"
19/11/2025;18/11/2025;Acquisto carta - ILIAD ITALIA;"-19,98";"3.679,52"
19/11/2025;18/11/2025;Acquisto carta - ILIAD ITALIA;"-17,98";"3.661,54"
19/11/2025;19/11/2025;Liquidazione vendite con carte;60;"3.721,54"
19/11/2025;19/11/2025;Commissione liquidazione vendite;"-0,72";"3.720,82"
19/11/2025;18/11/2025;Acquisto carta - ILIAD ITALIA;"-39,99";"3.680,83"
19/11/2025;18/11/2025;Acquisto carta - FACEBK *THXD98R7W2;-750;"2.930,83"
19/11/2025;19/11/2025;Liquidazione vendite con carte;199;"3.129,83"
19/11/2025;19/11/2025;Commissione liquidazione vendite;"-2,49";"3.127,34"
19/11/2025;19/11/2025;Rimborso a IBAN - 41 GALANTE - IT37T0103003400000007130233 - GRIMALDI GROUP S.P.A.;-395;"2.732,34"
19/11/2025;19/11/2025;Rimborso commissione IBAN - IT37T0103003400000007130233;"-0,25";"2.732,09"
19/11/2025;19/11/2025;Liquidazione vendite con carte;26;"2.758,09"
19/11/2025;19/11/2025;Commissione liquidazione vendite;"-0,4";"2.757,69"
19/11/2025;19/11/2025;Viva Cashback;"0,63";"2.758,32"
20/11/2025;20/11/2025;Liquidazione vendite con carte;50;"2.808,32"
20/11/2025;20/11/2025;Commissione liquidazione vendite;"-0,63";"2.807,69"
20/11/2025;19/11/2025;Acquisto carta - Eventim / TicketOne;"-135,36";"2.672,33"
20/11/2025;19/11/2025;Acquisto carta - HPY*DICARLOBUS;"-18,44";"2.653,89"
20/11/2025;19/11/2025;Acquisto carta - WWW.PRONTOBUSITALIA.IT;"-16,55";"2.637,34"
20/11/2025;19/11/2025;Acquisto carta - POMPEO TURISTICA S.R.L;-473;"2.164,34"
20/11/2025;20/11/2025;Viva Cashback;7;"2.171,34"
20/11/2025;20/11/2025;Liquidazione vendite con carte;50;"2.221,34"
20/11/2025;20/11/2025;Commissione liquidazione vendite;"-0,68";"2.220,66"
21/11/2025;21/11/2025;Liquidazione vendite con carte;224;"2.444,66"
21/11/2025;21/11/2025;Commissione liquidazione vendite;"-2,28";"2.442,38"
21/11/2025;21/11/2025;Liquidazione vendite con carte;40;"2.482,38"
21/11/2025;21/11/2025;Commissione liquidazione vendite;"-0,53";"2.481,85"
21/11/2025;21/11/2025;Liquidazione vendite con carte;50;"2.531,85"
21/11/2025;21/11/2025;Commissione liquidazione vendite;"-0,63";"2.531,22"
21/11/2025;21/11/2025;Liquidazione vendite con carte;20;"2.551,22"
21/11/2025;21/11/2025;Commissione liquidazione vendite;"-0,34";"2.550,88"
21/11/2025;21/11/2025;Viva Cashback;"5,42";"2.556,30"
21/11/2025;21/11/2025;Liquidazione vendite con carte;168;"2.724,30"
21/11/2025;21/11/2025;Commissione liquidazione vendite;"-1,9";"2.722,40"
21/11/2025;21/11/2025;Liquidazione vendite con carte;84;"2.806,40"
21/11/2025;21/11/2025;Commissione liquidazione vendite;"-0,95";"2.805,45"
22/11/2025;22/11/2025;Liquidazione vendite con carte;50;"2.855,45"
22/11/2025;22/11/2025;Commissione liquidazione vendite;"-0,63";"2.854,82"
22/11/2025;22/11/2025;Liquidazione vendite con carte;100;"2.954,82"
22/11/2025;22/11/2025;Commissione liquidazione vendite;"-1,1";"2.953,72"
22/11/2025;22/11/2025;Liquidazione vendite con carte;84;"3.037,72"
22/11/2025;22/11/2025;Commissione liquidazione vendite;"-0,95";"3.036,77"
22/11/2025;22/11/2025;Liquidazione vendite con carte;80;"3.116,77"
22/11/2025;22/11/2025;Commissione liquidazione vendite;"-0,91";"3.115,86"
22/11/2025;22/11/2025;Liquidazione vendite con carte;84;"3.199,86"
22/11/2025;22/11/2025;Commissione liquidazione vendite;"-0,95";"3.198,91"
22/11/2025;22/11/2025;Liquidazione vendite con carte;118;"3.316,91"
22/11/2025;22/11/2025;Commissione liquidazione vendite;"-1,39";"3.315,52"
22/11/2025;22/11/2025;Liquidazione vendite con carte;20;"3.335,52"
22/11/2025;22/11/2025;Commissione liquidazione vendite;"-0,34";"3.335,18"
23/11/2025;23/11/2025;Liquidazione vendite con carte;65;"3.400,18"
23/11/2025;23/11/2025;Commissione liquidazione vendite;"-0,77";"3.399,41"
23/11/2025;23/11/2025;Liquidazione vendite con carte;20;"3.419,41"
23/11/2025;23/11/2025;Commissione liquidazione vendite;"-0,34";"3.419,07"
23/11/2025;23/11/2025;Liquidazione vendite con carte;160;"3.579,07"
23/11/2025;23/11/2025;Commissione liquidazione vendite;"-1,98";"3.577,09"
23/11/2025;23/11/2025;Liquidazione vendite con carte;20;"3.597,09"
23/11/2025;23/11/2025;Commissione liquidazione vendite;"-0,5";"3.596,59"
23/11/2025;23/11/2025;Liquidazione vendite con carte;100;"3.696,59"
23/11/2025;23/11/2025;Commissione liquidazione vendite;"-1,1";"3.695,49"
23/11/2025;23/11/2025;Liquidazione vendite con carte;20;"3.715,49"
23/11/2025;23/11/2025;Commissione liquidazione vendite;"-0,34";"3.715,15"
24/11/2025;24/11/2025;Liquidazione vendite con carte;34;"3.749,15"
24/11/2025;24/11/2025;Commissione liquidazione vendite;"-0,47";"3.748,68"
24/11/2025;24/11/2025;Liquidazione vendite con carte;42;"3.790,68"
24/11/2025;24/11/2025;Commissione liquidazione vendite;"-0,55";"3.790,13"
24/11/2025;24/11/2025;Liquidazione vendite con carte;55;"3.845,13"
24/11/2025;24/11/2025;Commissione liquidazione vendite;"-0,67";"3.844,46"
24/11/2025;24/11/2025;Rimborso a IBAN - 5 SEGAMIGLIO - IT60D0200801802000100521196 - VIAGGIGIOVANI.IT SRL;"-1.580,00";"2.264,46"
24/11/2025;24/11/2025;Rimborso commissione IBAN - IT60D0200801802000100521196;"-0,25";"2.264,21"
24/11/2025;24/11/2025;Rimborso a IBAN - TransactionForbidden;"1.580,00";"3.844,21"
24/11/2025;24/11/2025;Rimborso commissione IBAN;"0,25";"3.844,46"
24/11/2025;24/11/2025;Liquidazione vendite con carte;20;"3.864,46"
24/11/2025;24/11/2025;Commissione liquidazione vendite;"-0,34";"3.864,12"
24/11/2025;24/11/2025;Liquidazione vendite con carte;42;"3.906,12"
24/11/2025;24/11/2025;Commissione liquidazione vendite;"-0,55";"3.905,57"
24/11/2025;24/11/2025;Liquidazione vendite con carte;10;"3.915,57"
24/11/2025;24/11/2025;Commissione liquidazione vendite;"-0,25";"3.915,32"
24/11/2025;24/11/2025;Liquidazione vendite con carte;84;"3.999,32"
24/11/2025;24/11/2025;Commissione liquidazione vendite;"-1,1";"3.998,22"
24/11/2025;24/11/2025;Liquidazione vendite con carte;42;"4.040,22"
24/11/2025;24/11/2025;Commissione liquidazione vendite;"-0,59";"4.039,63"
24/11/2025;24/11/2025;Liquidazione vendite con carte;134;"4.173,63"
24/11/2025;24/11/2025;Commissione liquidazione vendite;"-1,73";"4.171,90"
24/11/2025;24/11/2025;Liquidazione vendite con carte;20;"4.191,90"
24/11/2025;24/11/2025;Commissione liquidazione vendite;"-0,34";"4.191,56"
25/11/2025;25/11/2025;Liquidazione vendite con carte;10;"4.201,56"
25/11/2025;25/11/2025;Commissione liquidazione vendite;"-0,25";"4.201,31"
25/11/2025;25/11/2025;Liquidazione vendite con carte;95;"4.296,31"
25/11/2025;25/11/2025;Commissione liquidazione vendite;"-1,36";"4.294,95"
25/11/2025;25/11/2025;Liquidazione vendite con carte;292;"4.586,95"
25/11/2025;25/11/2025;Commissione liquidazione vendite;"-8,17";"4.578,78"
25/11/2025;25/11/2025;Rimborso a IBAN - RIMBORSO VIAGGIO MIRABILANDIA 26 08 25 - IT60E0896877750000160113698 - GRAZIELLA SAVARESE;-180;"4.398,78"
25/11/2025;25/11/2025;Rimborso commissione IBAN - IT60E0896877750000160113698;"-0,25";"4.398,53"
25/11/2025;25/11/2025;Liquidazione vendite con carte;20;"4.418,53"
25/11/2025;25/11/2025;Commissione liquidazione vendite;"-0,5";"4.418,03"
25/11/2025;25/11/2025;Liquidazione vendite con carte;20;"4.438,03"
25/11/2025;25/11/2025;Commissione liquidazione vendite;"-0,34";"4.437,69"
25/11/2025;25/11/2025;Liquidazione vendite con carte;80;"4.517,69"
25/11/2025;25/11/2025;Commissione liquidazione vendite;"-0,91";"4.516,78"
25/11/2025;25/11/2025;Rimborso a IBAN - rimborso navetta Moda 27/11/25 - IT68C0760115300001071088643 - RUSSO CARMELA SIMONA;-20;"4.496,78"
25/11/2025;25/11/2025;Rimborso commissione IBAN - IT68C0760115300001071088643;"-0,25";"4.496,53"
25/11/2025;25/11/2025;Liquidazione vendite con carte;20;"4.516,53"
25/11/2025;25/11/2025;Commissione liquidazione vendite;"-0,34";"4.516,19"
25/11/2025;25/11/2025;Liquidazione vendite con carte;110;"4.626,19"
25/11/2025;25/11/2025;Commissione liquidazione vendite;"-1,5";"4.624,69"
25/11/2025;25/11/2025;Liquidazione vendite con carte;40;"4.664,69"
25/11/2025;25/11/2025;Commissione liquidazione vendite;"-0,53";"4.664,16"
25/11/2025;25/11/2025;Liquidazione vendite con carte;80;"4.744,16"
25/11/2025;25/11/2025;Commissione liquidazione vendite;"-0,91";"4.743,25"
25/11/2025;25/11/2025;Liquidazione vendite con carte;80;"4.823,25"
25/11/2025;25/11/2025;Commissione liquidazione vendite;"-0,99";"4.822,26"
25/11/2025;25/11/2025;Liquidazione vendite con carte;13;"4.835,26"
25/11/2025;25/11/2025;Commissione liquidazione vendite;"-0,27";"4.834,99"
25/11/2025;25/11/2025;Liquidazione vendite con carte;40;"4.874,99"
25/11/2025;25/11/2025;Commissione liquidazione vendite;"-0,53";"4.874,46"
25/11/2025;25/11/2025;Liquidazione vendite con carte;20;"4.894,46"
25/11/2025;25/11/2025;Commissione liquidazione vendite;"-0,34";"4.894,12"
25/11/2025;25/11/2025;Liquidazione vendite con carte;20;"4.914,12"
25/11/2025;25/11/2025;Commissione liquidazione vendite;"-0,34";"4.913,78"
25/11/2025;25/11/2025;Liquidazione vendite con carte;40;"4.953,78"
25/11/2025;25/11/2025;Commissione liquidazione vendite;"-0,53";"4.953,25"
26/11/2025;26/11/2025;Liquidazione vendite con carte;80;"5.033,25"
26/11/2025;26/11/2025;Commissione liquidazione vendite;"-0,91";"5.032,34"
26/11/2025;26/11/2025;Rimborso a IBAN - RIMBORSO NAVETTA MARRACASH 01 DICEMBRE - IT65M0200841141000107205555 - GRIGUOLI SARA;-40;"4.992,34"
26/11/2025;26/11/2025;Rimborso commissione IBAN - IT65M0200841141000107205555;"-0,25";"4.992,09"
26/11/2025;26/11/2025;Rimborso a IBAN - RIMBORSO NAVETTA GIORGIA 06/12/25 - IT50Q0103077000000000498364 - DI GIACOMO NORA;-59;"4.933,09"
26/11/2025;26/11/2025;Rimborso commissione IBAN - IT50Q0103077000000000498364;"-0,25";"4.932,84"
26/11/2025;26/11/2025;Rimborso a IBAN - RIMBORSO NAVETTA MARRACASH 01 DICEMBRE - IT84D0538777970000002316161 - CARAFA VINCENZO;-118;"4.814,84"
26/11/2025;26/11/2025;Rimborso commissione IBAN - IT84D0538777970000002316161;"-0,25";"4.814,59"
26/11/2025;26/11/2025;Liquidazione vendite con carte;17;"4.831,59"
26/11/2025;26/11/2025;Commissione liquidazione vendite;"-0,31";"4.831,28"
26/11/2025;26/11/2025;Rimborso a IBAN - RIMBORSO VIAGGIO FIRENZE 29/11/25 - IT25R0306977571100000003976 - INNAURATO BARBARA;-80;"4.751,28"
26/11/2025;26/11/2025;Rimborso commissione IBAN - IT25R0306977571100000003976;"-0,25";"4.751,03"
26/11/2025;26/11/2025;Rimborso a IBAN - Estratto Conto G01812025 - IT63D0306902722100000007033 - AMATORI INTERESTATE SRL;-703;"4.048,03"
26/11/2025;26/11/2025;Rimborso commissione IBAN - IT63D0306902722100000007033;"-0,25";"4.047,78"
26/11/2025;26/11/2025;Liquidazione vendite con carte;160;"4.207,78"
26/11/2025;26/11/2025;Commissione liquidazione vendite;"-1,83";"4.205,95"
26/11/2025;26/11/2025;Liquidazione vendite con carte;13;"4.218,95"
26/11/2025;26/11/2025;Commissione liquidazione vendite;"-0,29";"4.218,66"
26/11/2025;25/11/2025;Rimborso carta - PACKLINK - AUCTANE SL;"17,66";"4.236,32"
26/11/2025;26/11/2025;Liquidazione vendite con carte;34;"4.270,32"
26/11/2025;26/11/2025;Commissione liquidazione vendite;"-0,48";"4.269,84"
26/11/2025;26/11/2025;Rimborso a IBAN - RIMBORSO FIRENZE 29/11/25 - IT50B3608105138263560163593 - FRATICELLI DAVIDE;-70;"4.199,84"
26/11/2025;26/11/2025;Rimborso commissione IBAN - IT50B3608105138263560163593;"-0,25";"4.199,59"
26/11/2025;26/11/2025;Rimborso a IBAN - RIMBORSO VIAGGIO FIRENZE 29/11/25 - IT81Z3608105138219312419335 - TROIANI LUSIANA;-70;"4.129,59"
26/11/2025;26/11/2025;Rimborso commissione IBAN - IT81Z3608105138219312419335;"-0,25";"4.129,34"
26/11/2025;26/11/2025;Viva Cashback;"0,29";"4.129,63"
26/11/2025;26/11/2025;Liquidazione vendite con carte;80;"4.209,63"
26/11/2025;26/11/2025;Commissione liquidazione vendite;"-1,08";"4.208,55"
27/11/2025;27/11/2025;Rimborso a IBAN - rimborso navetta annalisa 05/12/25 - IT02N3608105138223628323634 - BELISARI EVA;-96;"4.112,55"
27/11/2025;27/11/2025;Rimborso commissione IBAN - IT02N3608105138223628323634;"-0,25";"4.112,30"
27/11/2025;27/11/2025;Rimborso a IBAN - RIMBORSO NAVETTA ANNALISA 06/12/25 - IT11X0329601601000064441558 - BOTTEGA FABIANA;-30;"4.082,30"
27/11/2025;27/11/2025;Rimborso commissione IBAN - IT11X0329601601000064441558;"-0,25";"4.082,05"
27/11/2025;27/11/2025;Rimborso a IBAN - rimborso viaggio firenze 29/11/2025 - IT85E0760103600001058000264 - MARIA EMILIA MENDEZ MARTIN;-20;"4.062,05"
27/11/2025;27/11/2025;Rimborso commissione IBAN - IT85E0760103600001058000264;"-0,25";"4.061,80"
27/11/2025;27/11/2025;Liquidazione vendite con carte;10;"4.071,80"
27/11/2025;27/11/2025;Commissione liquidazione vendite;"-0,26";"4.071,54"
27/11/2025;27/11/2025;Liquidazione vendite con carte;18;"4.089,54"
27/11/2025;27/11/2025;Commissione liquidazione vendite;"-0,33";"4.089,21"
27/11/2025;27/11/2025;Liquidazione vendite con carte;160;"4.249,21"
27/11/2025;27/11/2025;Commissione liquidazione vendite;"-1,67";"4.247,54"
28/11/2025;28/11/2025;Liquidazione vendite con carte;17;"4.264,54"
28/11/2025;28/11/2025;Commissione liquidazione vendite;"-0,61";"4.263,93"
28/11/2025;28/11/2025;Liquidazione vendite con carte;84;"4.347,93"
28/11/2025;28/11/2025;Commissione liquidazione vendite;"-0,95";"4.346,98"
28/11/2025;28/11/2025;Rimborso a IBAN - RIMBORSO VIAGGIO ALBEROBELLO E LOCOROTONDO - IT28U3608105138253655753668 - AMMAZZALORSO ERNESTO ALEXANDER;-50;"4.296,98"
28/11/2025;28/11/2025;Rimborso commissione IBAN - IT28U3608105138253655753668;"-0,25";"4.296,73"
28/11/2025;28/11/2025;Liquidazione vendite con carte;150;"4.446,73"
28/11/2025;28/11/2025;Commissione liquidazione vendite;"-1,58";"4.445,15"
28/11/2025;27/11/2025;Acquisto carta - WWW.VIVATICKET.COM;-371;"4.074,15"
28/11/2025;28/11/2025;Liquidazione vendite con carte;52;"4.126,15"
28/11/2025;28/11/2025;Commissione liquidazione vendite;"-0,65";"4.125,50"
28/11/2025;28/11/2025;Liquidazione vendite con carte;117;"4.242,50"
28/11/2025;28/11/2025;Commissione liquidazione vendite;"-1,42";"4.241,08"
28/11/2025;28/11/2025;Liquidazione vendite con carte;20;"4.261,08"
28/11/2025;28/11/2025;Commissione liquidazione vendite;"-0,34";"4.260,74"
28/11/2025;28/11/2025;Liquidazione vendite con carte;34;"4.294,74"
28/11/2025;28/11/2025;Commissione liquidazione vendite;"-0,48";"4.294,26"
29/11/2025;29/11/2025;Liquidazione vendite con carte;10;"4.304,26"
29/11/2025;29/11/2025;Commissione liquidazione vendite;"-0,26";"4.304,00"
29/11/2025;29/11/2025;Liquidazione vendite con carte;60;"4.364,00"
29/11/2025;29/11/2025;Commissione liquidazione vendite;"-0,72";"4.363,28"
29/11/2025;29/11/2025;Liquidazione vendite con carte;80;"4.443,28"
29/11/2025;29/11/2025;Commissione liquidazione vendite;"-0,91";"4.442,37"
29/11/2025;29/11/2025;Viva Cashback;"3,05";"4.445,42"
30/11/2025;30/11/2025;Liquidazione vendite con carte;51;"4.496,42"
30/11/2025;30/11/2025;Commissione liquidazione vendite;"-0,64";"4.495,78"
30/11/2025;30/11/2025;Liquidazione vendite con carte;17;"4.512,78"
30/11/2025;30/11/2025;Commissione liquidazione vendite;"-0,33";"4.512,45"
30/11/2025;30/11/2025;Liquidazione vendite con carte;130;"4.642,45"
30/11/2025;30/11/2025;Commissione liquidazione vendite;"-1,39";"4.641,06"
30/11/2025;30/11/2025;Commissione di fatturazione - Extra Terminal Fee (2025-10-31 - 2025-11-29);-2;"4.639,06"
30/11/2025;30/11/2025;Commissione di fatturazione - Extra User Fee (2025-10-31 - 2025-11-29);-1;"4.638,06"
30/11/2025;29/11/2025;Acquisto carta - FACEBK *GYRVA9H8W2;-750;"3.888,06"
30/11/2025;29/11/2025;Acquisto carta - ILIAD ITALIA;"-25,99";"3.862,07"
30/11/2025;30/11/2025;Viva Cashback;"0,01";"3.862,08"
30/11/2025;30/11/2025;Liquidazione vendite con carte;33;"3.895,08"
30/11/2025;30/11/2025;Commissione liquidazione vendite;"-0,46";"3.894,62"
30/11/2025;30/11/2025;Liquidazione vendite con carte;150;"4.044,62"
30/11/2025;30/11/2025;Commissione liquidazione vendite;"-1,58";"4.043,04"
Saldo riportato;;;;"4.043,04"
